product_id,product_name,brand_name,primary_category,secondary_category,tertiary_category,price_usd,sale_price_usd,ingredients,highlights,rating,review_cnt,rating_avg
P420652,Lip Sleeping Mask Intense Hydration with Vitamin C,LANEIGE,Skincare,Lip Balms & Treatments,,24.0,24.0,"['Diisostearyl Malate, Hydrogenated Polyisobutene, Phyto- Steryl/Isostearyl/Cetyl/Stearyl/Behenyl Dimer Dilinoleate, Hydrogenated Poly(C6-14 Olefin), Polybutene, Microcrystalline Wax / Cera Microcristallina / Cire Microcri Stalline, Butyrospermum Parkii (Shea) Butter, Synthetic Wax, Ethylene/Propylene/Styrene Copolymer, Sucrose Tetrastearate Triacetate, Mica, Euphorbia Cerifera (Candelilla) Wax / Candelilla Cera Hydrocarbons / Cire De Candelilla, Candelilla Wax Esters, Astrocaryum Murumuru Seed Butter, Titanium Dioxide (Ci 77891), Fragrance / Parfum, Glyceryl Caprylate, Polyglyceryl-2 Diisostearate, Butylene/Ethylene/Styrene Copolymer, Copernicia Cerifera (Carnauba) Wax / Copernicia Cerifera Cera / Cire De Carnauba, Methicone, Polyglyceryl-2 Triisostearate, Cocos Nucifera (Coconut) Oil, Yellow 6 Lake (Ci 15985), Pentaerythrityl Tetra-Di-T-Butyl Hydroxyhydrocinnamate, Red 6 (Ci 15850), Ascorbic Acid, Water / Aqua / Eau, Glycerin, Propanediol, Bht, Punica Granatum Fruit Juice, Rubus Idaeus (Raspberry) Juice, Vitis Vinifera (Grape) Juice']","['allure 2019 Best of Beauty Award Winner', 'Community Favorite', 'Vitamin C', 'Hydrating', 'Good for: Dryness', 'Without Parabens']",4.3508,16106,4.349931702471129
P7880,Soy Hydrating Gentle Face Cleanser,fresh,Skincare,Cleansers,Face Wash & Cleansers,39.0,39.0,"['Aqua (Water), Coco-Glucoside, Butylene Glycol, Glycerin, Propanediol, Xanthan Gum, 1,2-Hexanediol, Polyglyceryl-10 Laurate, Centaurea Cyanus Flower Water, Cucumis Sativus (Cucumber) Fruit Extract, Helianthus Annuus (Sunflower) Seed Oil, Borago Officinalis Seed Oil, Hydrolyzed Soy Protein, Rosa Damascena Extract, Rosa Damascena Flower Water, Aloe Barbadensis Leaf Juice, Panax Ginseng Root Extract, Malva Sylvestris (Mallow) Flower Extract, Rosa Damascena Flower Oil, Tocopherol, Caprylic/Capric Triglyceride, Caprylyl Glycol, Hydrolyzed Jojoba Esters, Silica, Citric Acid, Pentylene Glycol, Caramel, Sodium Hydroxide, Sodium Benzoate, Potassium Sorbate.']","['Clean at Sephora', 'Best for Dry, Combo, Normal Skin', 'Hydrating', 'Good for: Dryness', 'Good for: Dullness/Uneven Texture', 'Without Parabens']",4.3628,8733,4.362418412916523
P218700,100 percent Pure Argan Oil,Josie Maran,Skincare,Moisturizers,Face Oils,49.0,49.0,['Argania Spinosa (Argan) Kernel Oil.'],"['Cruelty-Free', 'Clean at Sephora']",4.4998,7761,4.4996778765622985
P248407,Ultra Repair Cream Intense Hydration,First Aid Beauty,Skincare,Moisturizers,Moisturizers,38.0,38.0,"['Colloidal Oatmeal 0.50%, Water, Stearic Acid, Glycerin, C12-15 Alkyl Benzoate, Caprylic/Capric Triglyceride, Glyceryl Stearate, Glyceryl Stearate SE, Cetearyl Alcohol, Butyrospermum Parkii (Shea) Butter, Dimethicone, Squalane, Phenoxyethanol, Caprylyl Glycol, Xanthan Gum, Allantoin, Sodium Hydroxide, Disodium EDTA, Chrysanthemum Parthenium (Feverfew) Extract, Camellia Sinensis Leaf Extract, Glycyrrhiza Glabra (Licorice) Root Extract, Ceramide NP, Eucalyptus Globulus Leaf Oil.']","['Best for Dry Skin', 'Community Favorite', 'Clean at Sephora', 'Good for: Dryness', 'Fragrance Free', 'Cruelty-Free']",4.52,7535,4.517982747179827
P269122,Alpha Beta Extra Strength Daily Peel Pads,Dr. Dennis Gross Skincare,Skincare,Treatments,Facial Peels,92.0,92.0,"['Step 1:', 'Water/Aqua/Eau, Alcohol Denat. (SD Alcohol 40-B), Glycolic Acid, Potassium Hydroxide, Hamamelis Virginiana (Witch Hazel) Water, Salicylic Acid*, Polysorbate 20, Lactic Acid, Mandelic Acid, Malic Acid, Citric Acid, Salix Alba (Willow) Bark Extract, Camellia Sinensis Leaf Extract, Achillea Millefolium Extract, Chamomilla Recutita (Matricaria) Flower Extract, Soy Isoflavones, Anthemis Nobilis Flower Extract, Glycerin, Copper PCA, Zinc PCA, Lecithin, Alcohol, Polysorbate 80, Disodium EDTA, Menthone Glycerin Acetal, Fragrance (Parfum), Phenoxyethanol, Benzoic Acid, Sodium Benzoate, Potassium Sorbate (* - exfoliant)', 'Step 2:', 'Water/Aqua/Eau, Sodium Bicarbonate, Resveratrol, Retinol, Ascorbic Acid, Ubiquinone, Phospholipids, Adenosine, Tocopheryl Acetate, Soy Isoflavones, Achillea Millefolium Extract, Camellia Sinensis Leaf Extract, Leuconostoc/Radish Root Ferment Filtrate, Copper PCA, Sodium PCA, Zinc PCA, Glycerin, Polysorbate 20, Octoxynol-9, Tetrasodium EDTA, Phenoxyethanol, Sodium Benzoate, Potassium Sorbate.']","['Good for: Dullness/Uneven Texture', 'Clean at Sephora', 'Good for: Anti-Aging', 'AHA/Glycolic Acid', 'Good for: Acne/Blemishes', 'Salicylic Acid']",4.5455,7388,4.543719545208446
P394639,The True Cream Aqua Bomb,belif,Skincare,Moisturizers,Moisturizers,38.0,38.0,"['Water, Dipropylene Glycol, Glycerin, Methl Trimethicone, Alcohol Denat, Dimethicone, Cyclopentasiloxane, 1,2-Hexanediol, Malakite Extract, Caprylic/Capric Triglyceride, Pentaerythrityl Tetraethylhexanoate, PEG/PPG/Polybutylene Glycol-8/5/3 Glycerin, Alchemilla Vulgaris Leaf Extract*, Equisetum Arvense Leaf Extract*, Stellaria Media (Chickweed) Extract*, Urtica Dioica (Nettle) Leaf Extract*, Plantago Lanceolata Leaf Extract*, Avena Sativa (Oat) Kernel Extract**, Calendula Officinalis Flower Extract**, Nepeta Cataria Extract**, Rubus Idaeus (Raspberry) Leaf Extract**, Baptisia Tinctoria Root Extract**, Dimethiconol, Polymethylsilsesquioxane, Sodium Acrylate/Acryloyldimethyltaurate/Dimethylacrylamide Crosspolymer, Isohexadecane, Polysorbate 60, Ceramide 3, Cholesterol, Butyrospermum Parkii (Shea) Butter, Phenl Trimethicone, Pentaerythrityl Tetraisostearate, Panthenol, Squalane, Triethylhexanoin, Macadamia Ternifolia Seed Oil, PEG-150, PEG-40 Hydrogenated Castor Oil, Acrylates/C10-30 Alkyl Acrylate Crosspolymer, C14-22 Alcohols, Arachidyl Glucoside, Hydrogenated Lecithin, PEG-100 Stearate, Stearic Acid, Glyceryl Stearate, Carbomer, Tromethamine, Trisodium EDTA, Fragrance+, Citronellol, Limonene, Citral, Geraniol, Linalool.']",,4.4841,7288,4.484083424807904
P417238,Green Clean Makeup Removing Cleansing Balm,Farmacy,Skincare,Cleansers,Makeup Removers,36.0,36.0,"['Cetyl Ethylhexanoate, Caprylic/Capric Triglyceride, PEG-20 Glyceryl Triisostearate, PEG-10 Isostearate, Polyethylene, Echinacea Purpurea Root Extract, Carica Papaya (Papaya) Fruit Extract, Moringa Pterygosperma Seed Extract, Moringa Oleifera Seed Oil, Zingiber Officinale (Ginger) Root Oil, Helianthus Annuus (Sunflower) Seed Oil, Sorbitan Sesquioleate, Citrus Aurantifolia (Lime) Oil, Citrus Aurantium Bergamia (Bergamot) Fruit Oil, Glycerin, Melia Azadirachta Leaf Extract, Melia Azadirachta Flower Extract, Corallina Officinalis Extract, Citrus Aurantium Dulcis (Orange) Peel Oil, Amber Powder, Cananga Odorata Flower Oil, Coccinia Indica Fruit Extract, Solanum Melongena (Eggplant) Fruit Extract, Curcuma Longa (Turmeric) Root Extract, Ocimum Sanctum Leaf Extract, Water, Butylene Glycol, Disodium Phosphate, Citric Acid, Phenoxyethanol, Citral, Limonene, Linalool.']","['Vegan', 'Good for: Dullness/Uneven Texture', 'Clean + Planet Positive', 'Without Mineral Oil', 'Cruelty-Free', 'allure 2017 Best of Beauty Award Winner']",4.4958,6161,4.495211816263594
P450271,Green Clean Makeup Meltaway Cleansing Balm Limited Edition Jumbo,Farmacy,Skincare,Cleansers,Face Wash & Cleansers,60.0,60.0,"['Alcohol Denat., Fragrance (Parfum), Water (Aqua/Eau), Benzyl Salicylate, Hydroxycitronellal, Coumarin, Limonene, Farnesol, Geraniol, Benzyl Alcohol, Benzyl Benzoate, Citronellol, Linalool.']","['Good for: Dullness/Uneven Texture', 'Community Favorite', 'Clean + Planet Positive', 'Without Mineral Oil', 'Best for Oily, Combo, Normal Skin']",4.4958,6161,4.495211816263594
P427421,Protini Polypeptide Firming Refillable Moisturizer,Drunk Elephant,Skincare,Moisturizers,Moisturizers,68.0,68.0,"['Water/Aqua/Eau, Dicaprylyl Carbonate, Glycerin, Cetearyl Alcohol, Cetearyl Olivate, Sorbitan Olivate, Sclerocarya Birrea Seed Oil, Bacillus/ Folic Acid Ferment Filtrate Extract, Nymphaea Alba Root Extract, sh-Oligopeptide-1, sh-Oligopeptide-2, sh-Polypeptide-1, sh-Polypeptide-9, sh-Polypeptide-11, Copper Palmitoyl Heptapeptide-14, Heptapeptide-15 Palmitate, Palmitoyl Tetrapeptide-7, Palmitoyl Tripeptide-1, Alanine, Arginine, Glycine, Histidine, Isoleucine, Phenylalanine, Proline, Serine, Threonine, Valine, Acetyl Glutamine, Coconut Alkanes, Coco-Caprylate/Caprate, Sodium Hyaluronate, Aspartic Acid, Linoleic Acid, Linolenic Acid, Lecithin, Butylene Glycol, Polyvinyl Alcohol, Sodium Lactate, Sodium PCA, PCA, Sorbitan Isostearate, Carbomer, Polysorbate 20, Polysorbate 60, Lactic Acid/Glycolic Acid Copolymer, Hydroxyethyl Acrylate/Sodium Acryloyldimethyl Taurate Copolymer, Xanthan Gum, Isomalt, 1,2-Hexanediol, Caprylyl Glycol, Chlorphenesin, Phenoxyethanol, Tocopherol, Sodium Benzoate, Phenylpropanol, Glyceryl Caprylate, Symphytum Officinale Callus Culture Extract.']","['Refill Available', 'Good for: Dullness/Uneven Texture', 'Good for: Loss of firmness', 'Clean at Sephora', 'Good for: Anti-Aging', 'Good for: Dryness']",3.962,6056,3.960865257595773
P411387,Superfood Antioxidant Cleanser,Youth To The People,Skincare,Cleansers,Face Wash & Cleansers,39.0,39.0,"['Water/Aqua/Eau, Cocamidopropyl Hydroxysultaine, Sodium Cocoyl Glutamate, Sorbeth-230 Tetraoleate, Polysorbate 20, Sodium Chloride, Aloe Barbadensis Leaf (Aloe Vera) Juice Powder, Brassica Oleracea Acephala (Kale) Leaf Extract, Spinacia Oleracea (Spinach) Leaf Extract, Camellia Sinensis (Green Tea) Leaf Extract, Medicago Sativa (Alfalfa) Extract, Chamomilla Recutita (Matricaria) Flower Extract, Tetrahexyldecyl Ascorbate (Vitamin C), Glycerin, Panthenol (Vitamin B5), Tocopheryl Acetate (Vitamin E), Decyl Glucoside, Sorbitan Laurate, Tetrasodium Glutamate Diacetate, Gluconolactone, Ethylhexylglycerin, Maltodextrin, Citric Acid, Phenoxyethanol, Potassium Sorbate, Sodium Benzoate, Gardenia Jasminoides (Jasmine) Fruit Extract, Fragrance/Parfum, Sodium Hydroxide, Sodium Glycolate, Sodium Formate, Hexyl Cinnamal, Linalool, Limonene, Chlorophyllin-Copper Complex (CI 75810).']","['Vegan', 'Refill Available', 'Good for: Pores', 'allure 2021 Best of Beauty Award Winner', 'Best for Oily, Combo, Normal Skin', 'Without Sulfates SLS & SLES']",4.2112,5861,4.209349940283228
P441644,Mini Superfood Antioxidant Cleanser,Youth To The People,Skincare,Mini Size,,14.0,14.0,"['Water/Aqua/Eau, Cocamidopropyl Hydroxysultaine, Sodium Cocoyl Glutamate, Sorbeth-230 Tetraoleate, Polysorbate 20, Sodium Chloride, Aloe Barbadensis Leaf (Aloe Vera) Juice Powder, Brassica Oleracea Acephala (Kale) Leaf Extract, Spinacia Oleracea (Spinach) Leaf Extract, Camellia Sinensis (Green Tea) Leaf Extract, Medicago Sativa (Alfalfa) Extract, Chamomilla Recutita (Matricaria) Flower Extract, Tetrahexyldecyl Ascorbate (Vitamin C), Glycerin, Panthenol (Vitamin B5), Tocopheryl Acetate (Vitamin E), Decyl Glucoside, Sorbitan Laurate, Tetrasodium Glutamate Diacetate, Gluconolactone, Ethylhexylglycerin, Maltodextrin, Citric Acid, Phenoxyethanol, Potassium Sorbate, Sodium Benzoate, Gardenia Jasminoides (Jasmine) Fruit Extract, Fragrance/Parfum, Sodium Hydroxide, Sodium Glycolate, Sodium Formate, Hexyl Cinnamal, Linalool, Limonene, Chlorophyllin-Copper Complex (CI 75810).']","['Refill Available', 'Community Favorite', 'Good for: Pores', 'Clean + Planet Positive', 'Best for Oily, Combo, Normal Skin', 'Without Sulfates SLS & SLES']",4.2121,5851,4.210220475132456
P427417,Niacinamide 10% + Zinc 1% Oil Control Serum,The Ordinary,Skincare,Treatments,Face Serums,6.0,6.0,"['Aqua (Water), Niacinamide, Pentylene Glycol, Zinc PCA, Dimethyl Isosorbide, Tamarindus Indica Seed Gum, Xanthan gum, Isoceteth-20, Ethoxydiglycol, Phenoxyethanol, Chlorphenesin.']","['Vegan', 'Community Favorite', 'Oil Free', 'Without Silicones', 'Niacinamide']",4.2439,5790,4.241278065630397
P309308,Good Genes All-In-One AHA Lactic Acid Treatment,Sunday Riley,Skincare,Treatments,Face Serums,122.0,122.0,"['Botanical Blend [Aqua, Opuntia Tuna Fruit Extract, Cypripedium Pubescens Extract, Opuntia Vulgaris Leaf Extract, Agave Tequilana Leaf Extract, Arnica Montana Flower Extract, Aloe Barbadensis Leaf Extract, Saccharomyces Cerevisiae (Yeast) Extract, Leuconostoc/Radish Root Ferment Filtrate], Caprylic/Capric Triglyceride, Squalane, Lactic Acid, PPG-12 / SMDI Copolymer, Propanediol, Butylene Glycol, Stearic Acid, Dimethicone, Cetearyl Alcohol, Phenyl Trimethicone, Disiloxane, Ceteareth-20, Glyceryl Stearate, PEG-100 Stearate, Stearyl Glycyrrhetinate, Glycyrrhiza Glabra Root Extract, Cymbopogon Schoenanthus (Lemongrass) Oil, Potassium Hydroxide, Phenoxyethanol, Xanthan gum, Caprylyl Glycol, Chlorphenesin, Sodium Phytate.']","['Good for: Dullness/Uneven Texture', 'Lactic Acid', 'Community Favorite', 'Good for: Pores', 'Good for: Dark Circles', 'Cruelty-Free']",4.3375,5398,4.337347165616895
P411540,Cicapair Tiger Grass Color Correcting Treatment SPF 30,Dr. Jart+,Skincare,Moisturizers,BB & CC Creams,52.0,52.0,"['Water, Centella asiatica Leaf Water, Isononyl Isononanoate, Cyclopentasiloxane, Butylene Glycol, Dimethicone, Phenyl Trimethicone, Methyl Methacrylate Crosspolymer, Beeswax/Cire d’abeille, Glycerin, Diethylhexyl Carbonate, Polyglyceryl-3 Polyricinoleate, Niacinamide, Polymethylsilsesquioxane, Cyclohexasiloxane, Pan-Thenol, Diglycerin, Iron Oxides, Polyglyceryl-4 Diisostearate/Polyhydroxystearate/Sebacate, Dimethicone/Vinyl Dimethi- Cone Crosspolymer, Isododecane, Ethylene/Methacrylate Copolymer, Cetearyl Alcohol, Polyglyceryl-2 Triisostearate, Aluminum Hydroxide, Stearic Acid, Disteardimonium Hectorite, Acrylates/Ammonium Methacrylate Copolymer, Sclerotium Gum, Sodium Benzoate, Acrylates/Dimethicone Copolymer, Hydrogen Dimethicone, Chromium Oxide Greens, Triethyl Citrate, Potassium Sorbate, Fragaria Vesca (Strawberry) Leaf Extract, Disodium EDTA, BHT, Alcohol, Asiaticoside, Aden- Osine, Triethoxycaprylylsilane, Lavandula Angustifolia (Lavender) Oil, Boron Nitride, Asiatic Acid, Madecassic Acid, Citrus Grandis (Grapefruit) Peel Oil, Rosmarinus Officinalis (Rosemary) Leaf Oil, 1,2- Hexanediol, Anthemis Nobilis Flower Oil, Houttuynia Cordata Extract, Propanediol, Centella asiatica Extract, Gentiana Lutea Root Extract, Artemisia Absinthium Extract, Achillea Millefolium Extract, Arnica Montana Flower Extract, Polysorbate 20, Aniba Rosodora (Rosewood) Wood Oil, Sodium Glycerophosphate, Selaginella Lepidophylla Extract, Potassium Magnesium Aspartate, Citric Acid, Calcium Gluconate, Madecassoside, Magnesium Gluconate, Centella asiatica Meristem Cell Culture, Xanthan Gum, Titanium Dioxide, Zinc Oxide.']","['Natural Finish', 'Good for: Redness', 'Medium Coverage', 'SPF']",3.9904,5320,3.98984962406015
P42204,Rosebud Salve,Rosebud Perfume Co.,Skincare,Lip Balms & Treatments,,7.0,7.0,"['Pure White Petrolatum (Surgical Grade), Cotton Seed Oil, Trade Secret Blend of Essential Oils, Botanicals.']",,4.6463,5199,4.645316407001347
P471546,Mini Cicapair Tiger Grass Color Correcting Treatment SPF 30,Dr. Jart+,Skincare,Mini Size,,21.0,21.0,"['Water, Centella Asiatica Leaf Water, Isononyl Isononanoate, Cyclopentasiloxane, Butylene Glycol, Dimethicone, Phenyl Trimethicone, Methyl Methacrylate Crosspolymer, Beeswax/Cire d’abeille, Glycerin, Diethylhexyl Carbonate, Polyglyceryl-3 Polyricinoleate, Niacinamide, Polymethylsilsesquioxane, Cyclohexasiloxane, Pan-Thenol, Diglycerin, Iron Oxides, Polyglyceryl-4 Diisostearate/Polyhydroxystearate/Sebacate, Dimethicone/Vinyl Dimethi- Cone Crosspolymer, Isododecane, Ethylene/Methacrylate Copolymer, Cetearyl Alcohol, Polyglyceryl-2 Triisostearate, Aluminum Hydroxide, Stearic Acid, Disteardimonium Hectorite, Acrylates/Ammonium Methacrylate Copolymer, Sclerotium Gum, Sodium Benzoate, Acrylates/Dimethicone Copolymer, Hydrogen Dimethicone, Chromium Oxide Greens, Triethyl Citrate, Potassium Sorbate, Fragaria Vesca (Strawberry) Leaf Extract, Disodium EDTA, BHT, Alcohol, Asiaticoside, Aden- Osine, Triethoxycaprylylsilane, Lavandula Angustifolia (Lavender) Oil, Boron Nitride, Asiatic Acid, Madecassic Acid, Citrus Grandis (Grapefruit) Peel Oil, Rosmarinus Officinalis (Rosemary) Leaf Oil, 1,2- Hexanediol, Anthemis Nobilis Flower Oil, Houttuynia Cordata Extract, Propanediol, Centella Asiatica Extract, Gentiana Lutea Root Extract, Artemisia Absinthium Extract, Achillea Millefolium Extract, Arnica Montana Flower Extract, Polysorbate 20, Aniba Rosodora (Rosewood) Wood Oil, Sodium Glycerophosphate, Selaginella Lepidophylla Extract, Potassium Magnesium Aspartate, Citric Acid, Calcium Gluconate, Madecassoside, Magnesium Gluconate, Centella Asiatica Meristem Cell Culture, Xanthan Gum,  Titanium Dioxide, Zinc Oxide.']","['Good for: Redness', 'Community Favorite', 'Matte Finish', 'Best for Oily, Combo, Normal Skin', 'SPF', 'Niacinamide']",4.0165,5034,4.016090584028605
P248404,Pure Skin Face Cleanser,First Aid Beauty,Skincare,Cleansers,Face Wash & Cleansers,24.0,24.0,"['Aqua/Water/Eau, Sodium Cocoyl Isethionate, Glycerin, Stearic Acid, Hydrogenated Coconut Acid, Sodium Isethionate, Stearyl Alcohol, Allantoin,  Chrysanthemum Parthenium (Feverfew) Extract, Camellia Sinensis Leaf Extract, Glycyrrhiza Glabra (Licorice) Root Extract, Aloe Barbadensis Leaf Juice, Tocopherol, Hydrogenated Palm Glycerides Citrate, Phenoxyethanol, Disodium Cocoamphodiacetate, Sodium PCA, Hydroxypropyl Methylcellulose, Coco-Glucoside, Glyceryl Oleate, Sodium Chloride, Disodium EDTA, Citric Acid, Potassium Sorbate, Sodium Benzoate, Maltodextrin,  Tetrasodium EDTA.']","['Good for: Redness', 'Community Favorite', 'Good for: Dark Circles', 'Clean at Sephora', 'Fragrance Free', 'Cruelty-Free']",4.3738,4728,4.373730964467005
P423688,Daily Microfoliant Exfoliator,Dermalogica,Skincare,Cleansers,Exfoliators,65.0,65.0,"['Microcrystalline Cellulose, Magnesium Oxide, Sodium Cocoyl Isethionate, Colloidal Oatmeal, Disodium Lauryl Sulfosuccinate, Sodium Lauroyl Glutamate, Oryza Sativa (Rice) Bran Extract, Oryza Sativa (Rice) Starch, Hydrogenated Coconut Acid, Allantoin, Papain, Salicylic Acid, Ginkgo Biloba Leaf Extract, Camellia Sinensis Leaf Extract, Glycyrrhiza Glabra (Licorice) Root Extract, PCA, Populus Tremuloides Bark Extract, Cyclodextrin, Sodium Isethionate, Lauryl Methacrylate/Glycol Dimethacrylate Copolymer, Maltodextrin, Melaleuca, Alternifolia (Tea Tree) Leaf Oil, Citrus Paradisi (Grapefruit) Peel Oil, Sodium Dehydroacetate, Hydrolyzed Corn Starch Hydroxyethyl Ether, Water/Aqua/Eau, Limonene, Citric Acid.']","['Vegan', 'Good for: Dullness/Uneven Texture', 'allure 2019 Best of Beauty Award Winner', 'Salicylic Acid', 'Best for Oily, Combo, Normal Skin', 'Cruelty-Free']",4.696,4596,4.695604873803307
P443352,Mini Daily Microfoliant Exfoliator,Dermalogica,Skincare,Mini Size,,18.0,18.0,"['Microcrystalline Cellulose, Magnesium Oxide, Sodium Cocoyl Isethionate, Colloidal Oatmeal, Disodium Lauryl Sulfosuccinate, Sodium Lauroyl Glutamate, Oryza Sativa (Rice) Bran Extract, Oryza Sativa (Rice) Starch, Hydrogenated Coconut Acid, Allantoin, Papain, Salicylic Acid, Ginkgo Biloba Leaf Extract, Camellia Sinensis Leaf Extract, Glycyrrhiza Glabra (Licorice) Root Extract, PCA, Populus Tremuloides Bark Extract, Cyclodextrin, Sodium Isethionate, Lauryl Methacrylate/Glycol Dimethacrylate Copolymer, Maltodextrin, Melaleuca, Alternifolia (Tea Tree) Leaf Oil, Citrus Paradisi (Grapefruit) Peel Oil, Sodium Dehydroacetate, Hydrolyzed Corn Starch Hydroxyethyl Ether, Water/Aqua/Eau, Limonene, Citric Acid.']","['Vegan', 'Good for: Dullness/Uneven Texture', 'allure 2019 Best of Beauty Award Winner', 'Salicylic Acid', 'Best for Oily, Combo, Normal Skin']",4.696,4596,4.695604873803307
P421275,Salicylic Acid Acne Healing Dots,Peace Out,Skincare,Treatments,Blemish & Acne Treatments,19.0,19.0,"['Salicylic Acid 0.5%, Aloe Barbadensis (Aloe Vera) Leaf Extract, Retinyl Acetate (Vitamin A), Hydrocolloid Polymer Technology.']","['Good for: Redness', 'allure 2019 Best of Beauty Award Winner', 'Clean at Sephora', 'Good for: Acne/Blemishes', 'Salicylic Acid', 'Without Sulfates SLS & SLES']",4.1779,4573,4.176907937896348
P297524,Clear Improvement Active Charcoal Mask to Clear Pores,Origins,Skincare,Masks,Face Masks,17.0,17.0,"['Water, Myrtus Communis (Myrtle) Leaf Water, Kaolin, Bentonite, Butylene Glycol, Montmorillonite, Polysorbate 20, Peg-100 Stearate, Charcoal Powder, Xanthan Gum, Lecithin, Peg-150 Distearate, Propylene Glycol Stearate, Sorbitan Laurate, Glycerin, Propylene Glycol Laurate, Simethicone, Caprylyl Glycol, Ethylhexylglycerin, Hexylene Glycol, Trisodium Edta, Dehydroacetic Acid, Phenoxyethanol.']","['Vegan', 'Good for: Pores', 'Clean at Sephora', 'Best for Oily, Combo, Normal Skin']",4.3292,4526,4.329209014582413
P394624,The True Cream Moisturizing Bomb,belif,Skincare,Moisturizers,Moisturizers,38.0,38.0,"['Water, Dipropylene Glycol, Glycerin, Methl Trimethicone, Alcohol Denat, Dimethicone, Cyclopentasiloxane, 1,2-Hexanediol, Malakite Extract, Caprylic/Capric Triglyceride, Pentaerythrityl Tetraethylhexanoate, PEG/PPG/Polybutylene Glycol-8/5/3 Glycerin, Alchemilla Vulgaris Leaf Extract*, Equisetum Arvense Leaf Extract*, Stellaria Media (Chickweed) Extract*, Urtica Dioica (Nettle) Leaf Extract*, Plantago Lanceolata Leaf Extract*, Avena Sativa (Oat) Kernel Extract**, Calendula Officinalis Flower Extract**, Nepeta Cataria Extract**, Rubus Idaeus (Raspberry) Leaf Extract**, Baptisia Tinctoria Root Extract**, Dimethiconol, Polymethylsilsesquioxane, Sodium Acrylate/Acryloyldimethyltaurate/Dimethylacrylamide Crosspolymer, Isohexadecane, Polysorbate 60, Ceramide 3, Cholesterol, Butyrospermum Parkii (Shea) Butter, Phenl Trimethicone, Pentaerythrityl Tetraisostearate, Panthenol, Squalane, Triethylhexanoin, Macadamia Ternifolia Seed Oil, PEG-150, PEG-40 Hydrogenated Castor Oil, Acrylates/C10-30 Alkyl Acrylate Crosspolymer, C14-22 Alcohols, Arachidyl Glucoside, Hydrogenated Lecithin, PEG-100 Stearate, Stearic Acid, Glyceryl Stearate, Carbomer, Tromethamine, Trisodium EDTA, Fragrance+, Citronellol, Limonene, Citral, Geraniol, Linalool.']",,4.5631,4514,4.562693841382366
P429952,Jet Lag Mask,Summer Fridays,Skincare,Masks,Face Masks,49.0,49.0,"['Water/Aqua/Eau, Caprylic/Capric Triglyceride, Diheptyl Succinate, Butyrospermum Parkii (Shea) Butter, Cetearyl Alcohol, Hydroxyethyl Acrylate/Sodium Acryloyldimethyl Taurate Copolymer, Niacinamide, Pentylene Glycol, Glycerin, Sorbitan Stearate, Glyceryl Stearate, Sodium Hyaluronate, Ceramide EOP, Ceramide NP, Ceramide AP, Aminopropyl Ascorbyl Phosphate, Allantoin, Bisabolol, Panthenol, Physalis Angulata Extract, Castanea Sativa (Chestnut) Seed Extract, Tocopheryl Acetate, Phytosphingosine, Capryloyl Glycerin/Sebacic Acid Copolymer, Ethylhexylglycerin, Tetrasodium Glutamate Diacetate, Cucumis Sativus (Cucumber) Fruit Extract, Cholesterol, Sodium Lauroyl Lactylate, Carbomer, Xanthan Gum, PEG-100 Stearate, Phenoxyethanol.']","['Vegan', 'Hyaluronic Acid', 'Hydrating', 'Clean at Sephora', 'Fragrance Free', 'Good for: Dryness', 'Niacinamide', 'Cruelty-Free']",4.0262,4427,4.0257510729613735
P480630,Mini Jet Lag Mask,Summer Fridays,Skincare,Masks,Face Masks,26.0,26.0,"['Water/Aqua/Eau, Caprylic/Capric Triglyceride, Diheptyl Succinate, Butyrospermum Parkii (Shea) Butter, Cetearyl Alcohol, Hydroxyethyl Acrylate/Sodium Acryloyldimethyl Taurate Copolymer, Niacinamide, Pentylene Glycol, Glycerin, Sorbitan Stearate, Glyceryl Stearate, Sodium Hyaluronate, Ceramide EOP, Ceramide NP, Ceramide AP, Aminopropyl Ascorbyl Phosphate, Allantoin, Bisabolol, Panthenol, Physalis Angulata Extract, Castanea Sativa (Chestnut) Seed Extract, Tocopheryl Acetate, Phytosphingosine, Capryloyl Glycerin/Sebacic Acid Copolymer, Ethylhexylglycerin, Tetrasodium Glutamate Diacetate, Cucumis Sativus (Cucumber) Fruit Extract, Cholesterol, Sodium Lauroyl Lactylate, Carbomer, Xanthan Gum, PEG-100 Stearate, Phenoxyethanol.']","['Vegan', 'Hyaluronic Acid', 'Hydrating', 'Clean at Sephora', 'Fragrance Free', 'Good for: Dryness', 'Niacinamide', 'Cruelty-Free']",4.0262,4427,4.0257510729613735
P126301,Take The Day Off Cleansing Balm Makeup Remover,CLINIQUE,Skincare,Cleansers,Face Wash & Cleansers,38.0,38.0,"['Ethylhexyl Palmitate, Carthamus Tinctorius (Safflower) Seed Oil, Caprylic/Capric Triglyceride, Sorbeth-30 Tetraoleate, Polyethylene, Peg-5 Glyceryl Triisostearate, Water, Tocopherol, Phenoxyethanol.']","['Vegan', 'Community Favorite', 'Fragrance Free', 'allure 2021: Clean Beauty Winner', 'Best for Dry, Combo, Normal Skin', 'Without Sulfates SLS & SLES']",4.5294,4373,4.529384861651041
P453816,Mini Take The Day Off Cleansing Balm Makeup Remover,CLINIQUE,Skincare,Mini Size,,14.0,14.0,"['Ethylhexyl Palmitate, Carthamus Tinctorius (Safflower) Seed Oil, Caprylic/Capric Triglyceride, Sorbeth-30 Tetraoleate, Polyethylene, Peg-5 Glyceryl Triisostearate, Water, Tocopherol, Phenoxyethanol.']","['Vegan', 'Community Favorite', 'Fragrance Free', 'allure 2021: Clean Beauty Winner', 'Best for Dry, Combo, Normal Skin', 'Without Sulfates SLS & SLES']",4.5294,4373,4.529384861651041
P456412,Greek Yoghurt Foaming Cream Cleanser,KORRES,Skincare,Cleansers,Face Wash & Cleansers,28.0,28.0,"['Aqua/Water/Eau, Sodium Cocoyl Isethionate, Coco-Betaine, Cetearyl Alcohol, Disodium Lauryl Sulfosuccinate, Zea Mays (Corn) Starch, Glycerin, Cocamidopropyl Betaine, Sodium Chloride, Magnesium Aluminum Silicate, Sodium Methyl Cocoyl Taurate, Glyceryl Laurate, Sclerotium Gum, Alpha-Glucan Oligosaccharide, Amaranthus Caudatus Seed Extract, Chlorella Vulgaris Extract, Citric Acid, Hydrogenated Castor Oil, Hydrolyzed Rice Protein, Lactic Acid, Lactis Proteinum/Whey Protein/Protéine Du Lait, Lactobacillus, Lactose, Laminaria Digitata Extract, Lonicera Caprifolium (Honeysuckle) Flower Extract, Lonicera Japonica (Honeysuckle) Flower Extract, Maltodextrin, Maris Aqua/Sea Water/Eau De Mer, Pentylene Glycol, Phenethyl Alcohol, Polymnia Sonchifolia Root Juice, Saccharide Isomerate, Sodium Cocoyl Alaninate, Sodium Phytate, Titanium Dioxide, Yogurt, Yogurt Powder, Phenoxyethanol, Sodium Benzoate, Parfum/Fragrance.']","['Good for: Redness', 'Clean at Sephora', 'Good for: Dryness']",4.5667,4186,4.566650740563784
P418218,The Water Cream Oil-Free Pore Minimizing Moisturizer,Tatcha,Skincare,Moisturizers,Moisturizers,70.0,70.0,"['Water, Saccharomyces/Camellia Sinensis Leaf/Cladosiphon Okamuranus/Rice Ferment Filtrate*, Dimethicone, Propanediol, Glycerin, Diglycerin, Diphenylsiloxy Phenyl Trimethicone, Gold, Belamcanda Chinensis Root Extract, Rosa Multiflora Fruit Extract, Houttuynia Cordata Extract, Sophora Angustifolia Root Extract, Sodium Hyaluronate, Lecithin, Pistacia Lentiscus (Mastic) Gum, Sodium Chloride, Sodium Citrate, Mica, Peg-9 Polydimethylsiloxyethyl Dimethicone, Dimethicone/Peg-10/15 Crosspolymer, Dimethicone/Phenyl Vinyl Dimethicone Crosspolymer, Disodium Edta, Tin Oxide, Titanium Dioxide, Butylene Glycol, Ethylhexylglycerin, Parfum/Fragrance, Alcohol, Phenoxyethanol. *Hadasei-3.']","['Community Favorite', 'Good for: Pores', 'Hydrating', 'Clean at Sephora', 'Oil Free', 'Best for Oily, Combo, Normal Skin']",4.0245,4167,4.023518118550516
P454794,Mini The Water Cream,Tatcha,Skincare,Mini Size,,22.0,22.0,"['Water, Saccharomyces/Camellia Sinensis Leaf/Cladosiphon Okamuranus/Rice Ferment Filtrate*, Dimethicone, Propanediol, Glycerin, Diglycerin, Diphenylsiloxy Phenyl Trimethicone, Gold, Belamcanda Chinensis Root Extract, Rosa Multiflora Fruit Extract, Houttuynia Cordata Extract, Sophora Angustifolia Root Extract, Sodium Hyaluronate, Lecithin, Pistacia Lentiscus (Mastic) Gum, Sodium Chloride, Sodium Citrate, Mica, Peg-9 Polydimethylsiloxyethyl Dimethicone, Dimethicone/Peg-10/15 Crosspolymer, Dimethicone/Phenyl Vinyl Dimethicone Crosspolymer, Disodium Edta, Tin Oxide, Titanium Dioxide, Butylene Glycol, Ethylhexylglycerin, Parfum/Fragrance, Alcohol, Phenoxyethanol. *Hadasei-3.']","['Community Favorite', 'Good for: Pores', 'Hydrating', 'Clean at Sephora', 'Oil Free', 'Best for Oily, Combo, Normal Skin']",4.0245,4167,4.023518118550516
P122900,Dramatically Different Moisturizing Gel,CLINIQUE,Skincare,Moisturizers,Moisturizers,32.5,32.5,"['Water, Dimethicone, Isododecane, Butylene Glycol, Bis-Peg-18 Methyl Ether Dimethyl Silane, Glycerin, Laminaria Saccharina Extract, Polygonum Cuspidatum Root Extract, Saccharomyces Lysate Extract, Cucumis Sativus (Cucumber) Fruit Extract, Hordeum Vulgare (Barley) Extract/Extrait D’orge, Helianthus Annuus (Sunflower) Seedcake, Caffeine, Trehalose, Sodium Hyaluronate, Tocopheryl Acetate, Chamomilla Recutita (Matricaria), Polysilicone-11, Silica, Propylene Glycol Dicaprate, Oleth-10, Lactobacillus Ferment, Laureth-23, Laureth-4, Ammonium Acryloyldimethyltaurate/Vp Copolymer, Carbomer, Caprylyl Glycol, Hexylene Glycol, Tromethamine, Disodium Edta, Phenoxyethanol, Potassium Sorbate, Yellow 5 (Ci 19140), Red 4 (Ci 14700), Yellow 6 (Ci 15985) Lotion.']","['Best for Oily Skin', 'Without Phthalates', 'Fragrance Free', 'Oil Free', 'Without Parabens']",4.4383,3976,4.438128772635815
P409800,Cleansing & Exfoliating Wipes,SEPHORA COLLECTION,Skincare,Cleansers,Face Wipes,3.0,3.0,"['Water, Caprylic/Capric Triglyceride, Glycerin, PEG-40 Hydrogenated Castor Oil, Phenoxyethanol, Benzyl Alcohol, Ethylhexylglycerin, Fragrance, Glyceryl Stearate, Lauryl Glucoside, Sodium Lauroyl Lactylate, Cetearyl Alcohol, Citrullus Lanatus (Watermelon) Fruit Extract, Sodium Stearoyl Lactylate, Potassium Sorbate, Sodium Benzoate, Tocopherol.']","['Clean at Sephora', 'Good for: Dryness', 'Best for Dry, Combo, Normal Skin']",4.3383,3828,4.337774294670846
P427419,Hyaluronic Acid 2% + B5 Hydrating Serum,The Ordinary,Skincare,Treatments,Face Serums,15.7,15.7,"['Water, Sodium Hyaluronate, Pentylene Glycol, Propanediol, Sodium Hyaluronate Crosspolymer, Panthenol, Ahnfeltia Concinna Extract, Glycerin, Trisodium Ethylenediamine Disuccinate, Citric Acid, Isoceteth-20, Ethoxydiglycol, Ethylhexylglycerin, Hexylene Glycol, 1,2-Hexanediol, Phenoxyethanol, Caprylyl Glycol.']","['Vegan', 'Hyaluronic Acid', 'allure 2019 Best of Beauty Award Winner', 'Community Favorite', 'Without Silicones']",4.2133,3793,4.2101239124703405
P443563,Lip Glowy Balm,LANEIGE,Skincare,Lip Balms & Treatments,,18.0,18.0,"['Hydrogenated Polyisobutene,Phytosteryl/Isostearyl/Cetyl/Stearyl/Behenyl Dimerdilinoleate, Hydrogenatedpoly(C6-14 Olefin), Diisostearylmalate, Polybutene, Phytosterylisostearyl Dimer Dilinoleate,Microcrystalline Wax /Ceramicrocristallina / Ciremicrocristalline, Butyrospermumparkii (Shea) Butter, Sucrosetetrastearate Triacetate,Synthetic Wax, Ethylene/Propylene/Styrene Copolymer,Mica, Astrocaryum Murumuruseed Butter, Euphorbia Cerifera(Candelilla) Wax / Candelillacera Hydrocarbons / Ciredecandelilla, Butylene/Ethylene/Styrene Copolymer, Fragrance, Candelilla Wax Esters,Dehydroacetic Acid, Dimethicone,Methicone, Copernicia Cerifera(Carnauba) Wax / Coperniciacerifera Cera / Cire De Carnauba,Polyglyceryl-2 Triisostearate,Red 7 Lake (Ci 15850), Red 6 (Ci15850), Water, Propanediol, Bht, Lyciumchinensefruit Extract, Rubus Idaeus(Raspberry) Fruit Extract,Vaccinium Angustifolium(Blueberry) Fruit Extract,Coffea Arabica (Coffee) Seedextract, Sapindus Mukorossifruit Extract, Vacciniummacrocarpon (Cranberry)Fruit Extract, Fragari Achiloensis (Strawberry) Fruitextract, Rubus Chamaemorusseed Extract, Phenoxyethanol.']","['High Shine Finish', 'Community Favorite', 'Hydrating', 'Without Phthalates', 'Good for: Dryness', 'Without Parabens']",4.3923,3730,4.391689008042896
P460779,Skinlongevity Long Life Herb Anti-Aging Face Serum,bareMinerals,Skincare,Treatments,Face Serums,65.0,65.0,"['Water (Aqua/Eau), Propanediol, Niacinamide, Ascorbyl Glucoside, Glycerin, Isodecyl Neopentanoate, Squalane, Trehalose, Peucedanum Japonicum Leaf/Stem Extract, Eschscholtzia Californica Leaf Cell Extract, Saccharomyces Ferment Lysate Filtrate, Citrus Unshiu Peel Extract (Citrus Unshiu), Palmitoyl Tetrapeptide-7, Palmitoyl Tripeptide-1, Zingiber Aromaticus Extract, Butylene Glycol, Dimethicone, Potassium Hydroxide, Isostearic Acid, Carbomer, Alcohol, Ethylhexylglycerin, Lauryl Betaine, Behenyl Alcohol, Stearamidopropyl Dimethylamine, Xanthan Gum, Sodium Citrate, Beheneth-20, Acrylates/C10-30 Alkyl Acrylate Crosspolymer, Tocopherol, Batyl Alcohol, Disodium Edta, Sodium Metaphosphate, Citric Acid, Polysorbate 20, Sodium Metabisulfite, Fragrance (Parfum), Limonene, Linalool, Geraniol, Sodium Lactate, Sodium Benzoate, Phenoxyethanol. May Contain/Peut Contenir (+/-): Iron Oxides (Ci 77491, Ci 77492, Ci 77499).']","['Vegan', 'Good for: Dullness/Uneven Texture', 'Clean at Sephora', 'Good for: Anti-Aging', 'Best for Dry, Combo, Normal Skin', 'Niacinamide']",4.4339,3727,4.433861014220553
P12573,Intense Therapy Lip Balm SPF 25,Jack Black,Skincare,Lip Balms & Treatments,,10.0,10.0,"['Beeswax, Butyrospermum Parkii (Shea) Butter, C 18-38 Alkyl Hydroxystearol Stearate, Camellia Sinenesis (Green Tea) Leaf Extract, Cyclohexasiloxane, Cyclopentasiloxane, Flavor, Lanolin, Microcrystalline Wax, Ozokerite, Persea Gratissima (Avocado) Oil, Polyglyceryl 3 Beeswax, Theobroma Cacao (Cocoa) Seed Butter, Tocopheryl Acetate.']","['Without Parabens', 'Alcohol Free', 'SPF', 'Gluten Free']",4.6818,3593,4.682159755079321
P433520,Magic Cream Moisturizer with Hyaluronic Acid,Charlotte Tilbury,Skincare,Moisturizers,Moisturizers,100.0,100.0,"['Aqua/Water/Eau, C12-15 Alkyl Benzoate, Glyceryl Stearate SE, Butylene Glycol, Glycerin, Olus Oil/Vegetable Oil/Huile Végétale, Isononyl Isononanoate, Cetyl Alcohol, Ethylhexyl Palmitate, Cyclopentasiloxane, Dimethicone, Polyester-7, Phenoxyethanol, Neopentyl Glycol Diheptanoate, Butyrospermum Parkii (Shea) Butter, Steareth-21, Avena Sativa (Oat) Kernel Extract, Carbomer, Dimethiconol, Potassium Cetyl Phosphate, Chlorphenesin, Caprylyl Glycol, Xanthan Gum, Hydrolyzed Viola Tricolor Extract, Allantoin, Aloe Barbadensis (Aloe Vera) Leaf Juice, Disodium EDTA, Tocopheryl Acetate, Camellia Oleifera Seed Oil, Rosa Canina Fruit Oil, Rosa Damascena (Rose) Extract, Sodium Hydroxide, Helianthus Annuus (Sunflower) Seed Oil, Michelia Alba Leaf Oil, Sodium Lactate, Coco-Glucoside, PEG-8, Ethylhexylglycerin, Sodium Hyaluronate, Tocopherol, Palmitoyl Tetrapeptide-7, Palmitoyl Tripeptide-1, Ascorbyl Palmitate, Plumeria Rubra Flower Extract, Ascorbic Acid, Citric Acid, Nicotiana Sylvestris Leaf Cell Culture, Linalool, Citronellol, Geraniol.']","['Refill Available', 'Hyaluronic Acid', 'Best for Dry Skin', 'Good for: Anti-Aging', 'Good for: Dryness', 'Without Sulfates SLS & SLES']",4.4045,3471,4.401613367905503
P270594,Vitamin Enriched Face Base Priming Moisturizer,Bobbi Brown,Skincare,Moisturizers,Moisturizers,66.0,66.0,"['Water\\Aqua\\Eau, Cyclopentasiloxane, Bis-Diglyceryl Polyacyladipate-2, Butylene Glycol, Ppg-2 Myristyl Ether Propionate, Cetyl Alcohol, Peg-40 Stearate, Butyrospermum Parkii (Shea Butter), Squalane, Glyceryl Stearate, Sorbitan Stearate, Epilobium Angustifolium Extract, Yeast Extract\\Faex\\Extrait De Levure, Beta-Carotene, Sodium Hyaluronate, Citrus Grandis (Grapefruit) Peel Oil, Tocopheryl Acetate, Methyl Glucose Sesquistearate, Pelargonium Graveolens (Geranium) Flower Oil, Dimethicone Crosspolymer, Acrylates/C10-30 Alkyl Acrylate Crosspolymer, Carbomer, Peg-20 Methyl Glucose Sesquistearate, C12-15 Alkyl Ethylhexanoate, Tetrasodium Edta, Sodium Hydroxide, Panthenol, Magnesium Ascorbyl Phosphate, Limonene, Citronellol, Geraniol, Linalool, Chlorphenesin, Phenoxyethanol.']","['Hyaluronic Acid', 'Plumping', 'Vitamin C', 'Hydrating', 'Without Parabens', 'Gluten Free']",4.6058,3440,4.605813953488372
P392246,T.L.C. Framboos Glycolic Resurfacing Night Serum,Drunk Elephant,Skincare,Treatments,Face Serums,90.0,90.0,"['Water/Aqua/Eau, Glycolic Acid, Butylene Glycol, Glycerin, Sodium Hydroxide, Lactic Acid, Salicylic Acid, Tartaric Acid, Vitis Vinifera (Grape) Juice Extract, Aloe Barbadensis Leaf Juice, Opuntia Ficus-Indica Extract, Aesculus Hippocastanum (Horse Chestnut) Seed Extract, Camellia Sinensis Leaf Extract, Rubus Idaeus (Raspberry) Fruit Extract, Saccharomyces Cerevisiae Extract, Buddleja Davidii Meristem Cell Culture, Sclerocarya Birrea Seed Oil, Sodium Hyaluronate Crosspolymer, Allantoin, Hydroxyethylcellulose, Galactoarabinan, Propanediol, Citric Acid, Tetrasodium Glutamate Diacetate, Xanthan Gum, Hexylene Glycol, Phenoxyethanol, Sodium Benzoate, Caprylyl Glycol, Potassium Sorbate, Pentylene Glycol, Sodium Carbonate, Sodium Chloride, Ethylhexylglycerin.']","['Good for: Dullness/Uneven Texture', 'Good for: Pores', 'Clean at Sephora', 'Good for: Anti-Aging', 'AHA/Glycolic Acid', 'Good for: Acne/Blemishes']",4.3492,3437,4.348850741926098
P481817,"Beauty Elixir Prep, Set, Glow Face Mist",Caudalie,Skincare,Moisturizers,Mists & Essences,49.0,49.0,"['Aqua/Water/Eau, Alcohol, Citrus Aurantium Amara (Bitter Orange) Flower Water, Parfum (Fragrance), Rosmarinus Officinalis (Rosemary) Leaf Oil, Potassium Alum, Glycerin, Mentha Piperita (Peppermint) Oil, Commiphora Myrrha Resin Extract, Styrax Tonkinensis Resin Extract, Melissa Officinalis (Balm Mint) Leaf Oil, Citrus Aurantium Amara (Bitter Orange) Flower Oil, Rosa Damascena Flower Oil, Vitis Vinifera (Grape) Fruit Extract, Tocopherol, Benzyl Benzoate, Citral, Citronellol, Geraniol, Farnesol, Limonene, Linalool (010/035).']","['Vegan', 'Good for: Dullness/Uneven Texture', 'Good for: Pores', 'Clean + Planet Positive', 'Fresh Scent', 'Best for Oily, Combo, Normal Skin']",4.2396,3406,4.239870816206694
P467762,Mini Watermelon Glow PHA + BHA Pore-Tight Toner,Glow Recipe,Skincare,Mini Size,,15.0,15.0,"['Opuntia Ficus-Indica (Cactus) Extract, Citrullus Lanatus (Watermelon) Fruit Extract, Glycerin, Hyaluronic Acid, Gluconolactone, Sodium Polyglutamate, Betaine Salicylate, Salix Alba (Willow) Bark Extract, Melaleuca Alternifolia (Tea Tree) Extract, Hibiscus Sabdariffa Flower Extract, Lactobacillus/Watermelon Fruit Ferment Extract, Cucumis Sativus (Cucumber) Fruit Extract, Saccharum Officinarum (Sugarcane) Extract, Glycyrrhiza Glabra (Licorice) Root Extract, Scutellaria Baicalensis Root Extract, Paeonia Suffruticosa Root Extract, Brassica Oleracea Capitata (Cabbage) Leaf Extract, Ipomoea Batatas Root Extract, Sorbitan Oleate, Levulinic Acid, Sodium Levulinate, Fragrance/Parfum.']","['Vegan', 'Community Favorite', 'Clean + Planet Positive']",4.3728,3319,4.368785778849051
P458219,Watermelon Glow PHA + BHA Pore-Tight Toner,Glow Recipe,Skincare,Cleansers,Toners,34.0,34.0,"['Opuntia Ficus-Indica (Cactus) Extract, Citrullus Lanatus (Watermelon) Fruit Extract, Glycerin, Hyaluronic Acid, Gluconolactone, Sodium Polyglutamate, Betaine Salicylate, Salix Alba (Willow) Bark Extract, Melaleuca Alternifolia (Tea Tree) Extract, Hibiscus Sabdariffa Flower Extract, Lactobacillus/Watermelon Fruit Ferment Extract, Cucumis Sativus (Cucumber) Fruit Extract, Saccharum Officinarum (Sugarcane) Extract, Glycyrrhiza Glabra (Licorice) Root Extract, Scutellaria Baicalensis Root Extract, Paeonia Suffruticosa Root Extract, Brassica Oleracea Capitata (Cabbage) Leaf Extract, Ipomoea Batatas Root Extract, Sorbitan Oleate, Levulinic Acid, Sodium Levulinate, Fragrance/Parfum.']","['Hyaluronic Acid', 'Good for: Dullness/Uneven Texture', 'Clean + Planet Positive', 'Good for: Pores', 'Hydrating', 'Salicylic Acid']",4.3728,3319,4.368785778849051
P297516,Checks and Balances Frothy Face Wash,Origins,Skincare,Cleansers,Face Wash & Cleansers,27.0,27.0,"['Water, Lavandula Angustifolia (Lavender) Flower Water, Myristic Acid, Glycerin, Behenic Acid, Sodium Methyl Cocoyl Taurate, Palmitic Acid, Potassium Hydroxide, Lauric Acid, Stearic Acid, Anthemis Nobilis Flower Oil *, Mentha Viridis (Spearmint) Leaf Oil*, Pelargonium Graveolens Flower Oil*, Lavandula Hybrida Oil*, Citrus Aurantium Bergamia (Bergamot) Fruit Oil*, Styrax Benzoin Gum, Linalool, Peg-3 Distearate, Tourmaline, Laminaria Saccharina Extract, Hydrolyzed Wheat Protein, Cetearyl Alcohol, Polyquaternium-7, Butylene Glycol, Disodium Edta, Methylchloroisothiazolinone, Methylisothiazolinone.']","['Vegan', 'Best for Combination Skin', 'Community Favorite', 'Oil Free']",4.2888,3284,4.28836784409257
P454380,Unseen Sunscreen SPF 40 PA+++,Supergoop!,Skincare,Sunscreen,Face Sunscreen,48.0,48.0,"['Avobenzone, 3%, Homosalate 8%, Octisalate 5%, Octocrylene 4%, Isododecane, Dimethicone Crosspolymer, Dimethicone/Bis-Isobutyl PPG-20 Crosspolymer, Polymethylsilsesquioxane, Isohexadecane, Dicaprylyl Carbonate, Meadowfoam Estolide, Caprylic/Capric Triglyceride, Polyester-7, Neopentyl Glycol Diheptanoate, Lithothamnion Calcareum Extract, Caprylyl Glycol, Butyrospermum Parkii (Shea) Butter, Jojoba Esters, Mannitol, Olibanum, Lecithin, Microcrystalline Cellulose, Diatomaceous Earth, Zinc Sulfate, Silica, Tocopherol.']","['Natural Finish', 'allure 2019 Best of Beauty Award Winner', 'Clean at Sephora', 'Oil Free', 'SPF']",4.26,3267,4.259871441689624
P470255,Mini Unseen Sunscreen SPF 40 PA+++,Supergoop!,Skincare,Mini Size,,22.0,22.0,"['Avobenzone, 3%, Homosalate 8%, Octisalate 5%, Octocrylene 4%, Isododecane, Dimethicone Crosspolymer, Dimethicone/Bis-Isobutyl PPG-20 Crosspolymer, Polymethylsilsesquioxane, Isohexadecane, Dicaprylyl Carbonate, Meadowfoam Estolide, Caprylic/Capric Triglyceride, Polyester-7, Neopentyl Glycol Diheptanoate, Lithothamnion Calcareum Extract, Caprylyl Glycol, Butyrospermum Parkii (Shea) Butter, Jojoba Esters, Mannitol, Olibanum, Lecithin, Microcrystalline Cellulose, Diatomaceous Earth, Zinc Sulfate, Silica, Tocopherol.']","['Natural Finish', 'allure 2019 Best of Beauty Award Winner', 'Clean at Sephora', 'Oil Free', 'SPF']",4.2604,3265,4.2603369065849925
P442563,AHA 30% + BHA 2% Exfoliating Peeling Solution,The Ordinary,Skincare,Treatments,Facial Peels,9.5,9.5,"['Glycolic Acid, Aqua (Water), Aloe Barbadensis Leaf Water, Sodium Hydroxide, Daucus Carota Sativa Extract, Propanediol, Cocamidopropyl Dimethylamine, Salicylic Acid, Potassium Citrate, Lactic Acid, Tartaric Acid, Citric Acid, Panthenol, Sodium Hyaluronate Crosspolymer, Tasmannia Lanceolata Fruit/Leaf Extract, Glycerin, Pentylene Glycol, Xanthan gum, Polysorbate 20, Trisodium Ethylenediamine Disuccinate, Potassium Sorbate, Sodium Benzoate, Ethylhexylglycerin, 1,2-Hexanediol, Caprylyl Glycol.']","['Vegan', 'Community Favorite', 'AHA/Glycolic Acid', 'Oil Free', 'Without Silicones']",4.5734,3242,4.5715607649599015
P480612,Santorini Grape Poreless Skin Cream,KORRES,Skincare,Moisturizers,Moisturizers,38.5,38.5,"['Aqua/Water/Eau, Glycerin, Simmondsia Chinensis (Jojoba) Seed Oil, C12-15 Alkyl Benzoate, Dicaprylyl Carbonate, Ammonium Acryloyldimethyltaurate/Vp Copolymer, Dicaprylyl Ether, Macadamia Integrifolia (Macadamia) Seed Oil, Potassium Cetyl Phosphate, Vitis Vinifera (Grape) Fruit Extract*, Acrylates/C10-30 Alkyl Acrylate Crosspolymer, Ascorbyl Palmitate, Calendula Officinalis Extract, Caprylyl Glycol, Citric Acid, Cyclodextrin, Epilobium Fleischeri Flower/Leaf/Stem Extract, Glyceryl Stearate, Glycine Soja (Soybean) Oil, Helianthus Annuus (Sunflower) Seed Oil, Lactic Acid, Olea Europaea (Olive) Fruit Oil, Panthenol, Persea Gratissima (Avocado) Oil, Phytosterols, Punica Granatum Fruit Extract, Rosmarinus Officinalis (Rosemary) Leaf Extract, Sodium Gluceptate, Sodium Hyaluronate, Sodium Hydroxide, Sorbitan Oleate, Tocopherol, Tocopheryl Acetate, Troxerutin, Phenoxyethanol, Potassium Sorbate, Salicylic Acid, Sodium Benzoate, Parfum/Fragrance.']","['Vegan', 'Hyaluronic Acid', 'Good for: Pores', 'Clean at Sephora', 'Salicylic Acid', 'Cruelty-Free']",4.4026,3167,4.402589201136722
P441101,The Dewy Skin Cream Plumping & Hydrating Moisturizer,Tatcha,Skincare,Moisturizers,Moisturizers,70.0,70.0,"['Aqua/Water/Eau, Saccharomyces/Rice Ferment Filtrate, Glycerin, Propanediol, Dimethicone, Squalane, Diisostearyl Malate, Behenyl Alcohol, Myristyl Myristate, Dipentaerythrityl Hexahydroxystearate, Bis-Diglyceryl Polyacyladipate-2, Tridecyl Trimellitate, Inositol, Sorbitan Tristearate, Beheneth-20, Camellia Sinensis Leaf Extract, Cladosiphon Okamuranus Extract, Chondrus Crispus Extract, Betaphycus Gelatinum Extract, Oryza Sativa (Rice) Bran Extract, Panax Ginseng Root Extract, Origanum Majorana Leaf Extract, Thymus Serpyllum Extract, Malva Sylvestris (Mallow) Flower Extract, Sodium Hyaluronate, Gold, Sericin, Phytosteryl Macadamiate, Tocopherol, Hydroxyethyl Acrylate/Sodium Acryloyldimethyl Taurate Copolymer, Sorbitan Isostearate, Polysorbate 60, Butylene Glycol, Dimethicone/Vinyl Dimethicone Crosspolymer, Sodium Benzoate, Gluconolactone, Ethylhexylglycerin, Parfum/Fragrance, Alcohol, Phenoxyethanol, Citral, Limonene, Linalool, Mica, Tin Oxide, Titanium Dioxide (Ci 77891), Violet 2 (Ci 60725)']","['Hyaluronic Acid', 'Community Favorite', 'Plumping', 'Hydrating', 'Clean at Sephora', 'Good for: Dryness']",4.1023,3160,4.1044303797468356
P232903,EradiKate Acne Treatment,Kate Somerville,Skincare,Treatments,Blemish & Acne Treatments,28.0,28.0,"['Isopropyl Alcohol, Aqua/Water/Eau, Zinc Oxide, Sulfur, Camphor, Magnesium Aluminum Silicate, Salicylic Acid, CI 77491 (Iron Oxides).']","['Good for: Acne/Blemishes', 'Salicylic Acid', 'Best for Oily, Combo, Normal Skin', 'Cruelty-Free']",4.2243,3153,4.224230891214716
P378852,GinZing Ultra-Hydrating Energy-Boosting Cream,Origins,Skincare,Moisturizers,Moisturizers,36.0,36.0,,"['Vegan', 'Good for: Dullness/Uneven Texture', 'Clean at Sephora']",4.401,3135,4.400956937799043
P456207,Greek Yoghurt Nourishing Probiotic Gel-Cream,KORRES,Skincare,Moisturizers,Moisturizers,38.5,38.5,"['Water, Propanediol, Glycerin, Sodium Acrylates Copolymer, C13-15 Alkane, Caprylic/Capric/Myristic/Stearic Triglyceride, Coco-Caprylate, Hexyldecyl Stearate, Passiflora Incarnata Seed Oil, Aloe Barbadensis Leaf Juice Powder, Algin, Alpha-Glucan Oligosaccharide, Ascorbic Acid, Behenyl Alcohol, Bisabolol, Caprylyl Glycol, Cellulose Gum, Cetearyl Alcohol, Chlorella Vulgaris Extract, Disodium Phosphate, Glyceryl Caprylate, Glyceryl Polyacrylate, Glyceryl Stearate Citrate, Hydrogenated Ethylhexyl Olivate, Hydrogenated Olive Oil Unsaponifiables, Hydrolyzed Sodium Hyaluronate, Lactic Acid, Lactobacillus, Laminaria Digitata Extract, Lecithin, Lonicera Caprifolium (Honeysuckle) Flower Extract, Lonicera Japonica (Honeysuckle) Flower Extract, Maltodextrin, Sea Water, Menthyl Lactate, Microcrystalline Cellulose, Panthenol, Pentylene Glycol, Phenethyl Alcohol, Polyacrylate Crosspolymer-6, Polyglyceryl-3 Diisostearate, Polymnia Sonchifolia Root Juice, Potassium Phosphate, Pullulan, Saccharide Isomerate, Salvia Hispanica Seed Oil, Serine, Sodium Carboxymethyl Beta-Glucan, Sodium Hyaluronate, Tetrasodium Glutamate Diacetate, Tocopheryl Acetate, Trehalose, Tridecane, Undecane, Urea, Xanthan Gum, Yogurt, Yogurt Powder, Zingiber Officinale (Ginger) Root Extract, Benzyl Alcohol, Phenoxyethanol, Salicylic Acid, Sorbic Acid, Fragrance.']",,4.348,3109,4.347700225152782
P478030,Mini Oat Cleansing Balm,The INKEY List,Skincare,Cleansers,Face Wash & Cleansers,5.99,5.99,"['Prunus Amygdalus Dulcis (Sweet Almond) Oil, Cetearyl Alcohol, PEG-6 Caprylic/Capric Glycerides, Avena Sativa (Oat) Kernel Oil, Candelilla Cera (Cire de candelilla), Silica, Sorbitan Stearate, Tribehenin, PEG-60 Almond Glycerides, Avena Sativa (Oat) Kernel Flour, Aqua (Water/Eau), Benzyl Alcohol, Phenoxyethanol, Lecithin, 1,2-Hexanediol, Ascorbyl Palmitate, Tocopherol, Biosaccharide Gum-4, Helianthus Annuus (Sunflower) Seed Oil.']","['allure 2020 Best of Beauty Award Winner', 'Best for Normal Skin', 'Good for: Redness', 'Community Favorite', 'Clean at Sephora', 'Good for: Dryness']",3.6098,3000,3.604
P455364,Oat Cleansing Balm,The INKEY List,Skincare,Cleansers,Face Wash & Cleansers,11.99,11.99,"['Prunus Amygdalus Dulcis (Sweet Almond) Oil, Cetearyl Alcohol, PEG-6 Caprylic/Capric Glycerides, Avena Sativa (Oat) Kernel Oil, Candelilla Cera (Cire de candelilla), Silica, Sorbitan Stearate, Tribehenin, PEG-60 Almond Glycerides, Avena Sativa (Oat) Kernel Flour, Aqua (Water/Eau), Benzyl Alcohol, Phenoxyethanol, Lecithin, 1,2-Hexanediol, Ascorbyl Palmitate, Tocopherol, Biosaccharide Gum-4, Helianthus Annuus (Sunflower) Seed Oil.']","['allure 2020 Best of Beauty Award Winner', 'Best for Normal Skin', 'Good for: Redness', 'Community Favorite', 'Clean at Sephora', 'Good for: Dryness']",3.6098,3000,3.604
P232915,ExfoliKate Intensive Pore Exfoliating Treatment,Kate Somerville,Skincare,Cleansers,Exfoliators,98.0,98.0,"['Aqua/Water/Eau, Lactic Acid, Silica, Glycine Soja (Soybean) Oil, Pectin, Cetearyl Alcohol, Carica Papaya (Papaya) Fruit, Ceteareth-20, Cetyl Alcohol, Phenoxyethanol, Dehydroxanthan Gum, Glyceryl Stearate, PEG-100 Stearate, Salicylic Acid, Lactobacillus/Pumpkin Ferment Extract, Alcohol Denat., Sorbic Acid, Cinnamal, Mel/Honey/Miel, Citrus Aurantium Bergamia (Bergamot) Fruit Oil, Eugenol, Potassium Sorbate, Limonene, Linalool, Lavandula Angustifolia (Lavender) Oil, Beta-Carotene, Aloe Barbadensis Leaf Juice Powder, Bromelain, Papain, Retinyl Palmitate, Tocopheryl Acetate, Cinnamomum Cassia Leaf Oil, Acetic Acid, Pogostemon Cablin Oil, Pelargonium Graveolens Flower Oil, Aniba Rosaeodora (Rosewood) Wood Extract, Citrus Aurantium Dulcis (Orange) Peel Oil, CI 75810 (Chlorophyllin-Copper Complex).']","['Best for Oily, Combo, Normal Skin', 'Good for: Dullness/Uneven Texture', 'Good for: Pores', 'AHA/Glycolic Acid', 'Salicylic Acid', 'Cruelty-Free']",4.4375,2991,4.436308926780341
P422905,Moisturizing Eye Bomb with Squalane,belif,Skincare,Eye Care,Eye Creams & Treatments,48.0,48.0,"['Water, Dipropylene Glycol, Butylene Glycol, Glycerin, Squalane, Cyclopentasiloxane, Caprylyl Trimethicone, Dimethicone, HDI/TriMethylol Hexyllactone Crosspolymer, Sucrose Polystearate, 1,2-Hexanediol, PCA Dimethicone, Panthenol, Triethylhexanoin, Cellulose, Ceramide NP, Centella Asiatica Leaf Extract, Avena Sativa (Oat) Kernel Extract*, Calendula Officinalis Flower Extract*, Nepeta Cataria Extract*, Rubus Idaeus (Raspberry) Leaf Extract*, Baptisia Tinctoria Root Extract*, Stellaria Media (Chickweed) Extract*, Alchemilla Vulgaris Leaf Extract**, Viola Tricolor Extract**, Rosa Damascena Flower Extract**, Spiraea Ulmaria Flower Extract**, Althaea Officinalis Root Extract**, Achillea Millefolium Flower Extract, Symphytum Officinale Leaf Extract, Trifolium Pratense (Clover) Flower Extract, Menyanthes Trifoliata Leaf Extract, Salix Alba (Willow) Bark Extract, Dimethicone/Vinyl Dimethicone Crosspolymer, Silica, Hydrogenated Polyisobutene, Glyceryl Stearate, PEG-100 Stearate, Hydrogenated Lecithin, PEG-10 Rapeseed Sterol, Glycereth-20, C14-22 Alcohols, C12-20 Alkyl Gucoside, Hydroxyethyl Acrylate/Sodium Acryloyldimethyl Taurate Copolymwer, Polysorbate 60, Hydroxyproline, Carbomer, Tromethamine, Trisodium EDTA, Citrus Aurantium Dulcis (Orange) Peel Oil+, Rosamarinus Officinalis (Rosemary) Leaf Oil+, Pelargonium Graveolens Flower OIl+, Citral, Citrannellol, Limonene, Geraniol, Linalool.']",,4.4641,2965,4.4640809443507585
P430337,C-Rush Vitamin C Gel Moisturizer,OLEHENRIKSEN,Skincare,Moisturizers,Moisturizers,51.0,51.0,"['Sources of vitamin C:', 'Water, Glycerin, Dicaprylyl Carbonate, Propanediol, Caprylic/Capric Triglyceride, 3-O-Ethyl Ascorbic Acid, Glycereth-26, Ammonium Acryloyldimethyltaurate/Beheneth-25 Methacrylate Crosspolymer, Hydrolyzed Jojoba Esters, Cetearyl Alcohol, Polyacrylate Crosspolymer-6, Hydroxyacetophenone, Panthenol, Polyglyceryl-3 Methylglucose Distearate, Tetrahexyldecyl Ascorbate, Linoleic Acid, Citric Acid, Phenoxyethanol, Fragrance, Pentaerythrityl Tetra-Di-T-Butyl Hydroxyhydrocinnamate, Xanthan Gum, Cetearyl Glucoside, Linolenic Acid, Citrus Aurantium Dulcis (Orange) Fruit Extract, Citrus Limon (Lemon) Fruit Extract, Hippophae Rhamnoides Extract, Lycium Barbarum Fruit Extract, Rosa Canina Fruit Extract, Ethylhexylglycerin, Leuconostoc/Radish Root Ferment Filtrate, Sodium Citrate, Camellia Japonica Flower Extract, Aroma/Flavor, Sodium Hyaluronate, Sodium Polyacrylate, Sodium Phytate, Hyaluronic Acid, Vegetable Collagen, Ascorbic Acid, Tocopherol, Yellow 6 (Ci 15985), Yellow 5 (Ci 19140), Citral, Limonene, Linalool, Benzyl Alcohol.']","['Vitamin C', 'Good for: Dryness', 'Good for: Dullness/Uneven Texture', 'Good for: Loss of firmness', 'Without Parabens', 'Vegan']",4.3404,2959,4.340317674890166
P302103,Sugar Advanced Lip Balm Intense Hydration Treatment,fresh,Skincare,Lip Balms & Treatments,,28.0,28.0,"['Cera Alba (Beeswax), Simmondsia Chinensis (Jojoba) Seed Oil, C10-18 Triglycerides, Ricinus Communis (Castor) Seed Oil, Hydrogenated Olive Oil Decyl Esters, Vitis Vinifera (Grape) Seed Oil, Parfum (Fragrance), Crithmum Maritimum Extract, Prunus Domestica Seed Oil, Limnanthes Alba (Meadowfoam) Seed Oil, Ribes Nigrum (Black Currant) Seed Oil, Cera Carnauba (Copernicia Cerifera (Carnauba) Wax), Hydrogenated Vegetable Oil, Tocopherol, Tocopheryl Acetate, Caprylic/Capric Triglyceride, Sodium Hyaluronate, Triolein, Sucrose Tetrastearate Triacetate, Ammonium Glycyrrhizate, Glyceryl Dioleate, Ascorbyl Tetraisopalmitate, Ascorbyl Palmitate, Ethyl Vanillin, Limonene, Citral, Benzyl Alcohol, Linalool, Geraniol.']","['Hyaluronic Acid', 'Clean at Sephora', 'Hydrating', 'Good for: Dryness']",4.2837,2956,4.2848443843031125
P439061,Glow2OH Dark Spot Toner,OLEHENRIKSEN,Skincare,Cleansers,Toners,35.0,35.0,"['Water, Glycolic Acid, Hamamelis Virginiana (Witch Hazel) Water, Lactic Acid, Sodium Hydroxide, Polysorbate 20, Phenoxyethanol, Fragrance, Phytic Acid, Ethylhexylglycerin, Glycerin, Chamomilla Recutita (Matricaria) Flower Extract, Citrus Limon (Lemon) Fruit Extract, Glycyrrhiza Glabra (Licorice) Root Extract, Saccharum Officinarum (Sugar Cane) Extract, Santalum Album (Sandalwood) Extract, Benzoic Acid, Leuconostoc/Radish Root Ferment Filtrate, Tocopherol, Citral, Limonene, Linalool.']","['Vegan', 'Good for: Dullness/Uneven Texture', 'AHA/Glycolic Acid', 'Without Parabens', 'Good for: Dark spots', 'Cruelty-Free']",4.1922,2955,4.192893401015229
P375849,Facial Treatment Essence (Pitera Essence),SK-II,Skincare,Moisturizers,Mists & Essences,245.0,245.0,"['Galactomyces Ferment Filtrate*, Butylene Glycol, Pentylene Glycol, Water, Sodium Benzoate, Methylparaben, Sorbic Acid.']","['allure 2020 Best of Beauty Award Winner', 'Lactic Acid', 'Good for: Pores', 'AHA/Glycolic Acid', 'Good for: Dryness', 'Salicylic Acid']",4.081,2948,4.080732700135685
P426183,Mini Facial Treatment Essence (Pitera Essence),SK-II,Skincare,Moisturizers,Mists & Essences,99.0,99.0,"['Galactomyces Ferment Filtrate*, Butylene Glycol, Pentylene Glycol, Water, Sodium Benzoate, Methylparaben, Sorbic Acid.']","['allure 2020 Best of Beauty Award Winner', 'Good for: Dullness/Uneven Texture', 'Good for: Loss of firmness', 'Good for: Anti-Aging', 'Good for: Dryness', 'Niacinamide']",4.0807,2946,4.080448065173116
P456398,Ultimate Sun Protector Lotion SPF 50+ Sunscreen,Shiseido,Skincare,Sunscreen,Face Sunscreen,50.0,50.0,"['Water, Diisopropyl Sebacate, Talc, Methyl Methacrylate Crosspolymer, Dimethicone, Peg/Ppg-9/2 Dimethyl Ether, Sd Alcohol 40-B, Lauryl Peg-9 Polydimethylsiloxyethyl Dimethicone, Triethylhexanoin, Glycerin, Dextrin Palmitate, Sucrose Tetrastearate Triacetate, Isododecane, Ppg-3 Dipivalate, Trimethylsiloxysilicate, Silica, Sodium Chloride, Peg/Ppg-14/7 Dimethyl Ether, Saxifraga Sarmentosa Extract, Camellia Sinensis Leaf Extract, Sophora Angustifolia Root Extract, Ppg-17, Disteardimonium Hectorite, Calcium Stearate, Isostearic Acid, Palmitic Acid, Trisodium Edta, Alcohol, Silica Dimethyl Silylate, Vinyl Dimethicone/Methicone Silsesquioxane Crosspolymer, Peg-6, Bht, Tocopherol, Butylene Glycol, Stearic Acid, Sodium Metabisulfite, Syzygium Jambos Leaf Extract, Polysilicone-2, Methylparaben, Fragrance, Iron Oxides.']","['Without Oxybenzone', 'Without Phthalates', 'SPF']",4.4864,2936,4.486376021798365
